glass_name,glass_price,glass_link,photos_link
Water,$29.95,https://www.glassesshop.com/eyeglasses/fp2468,"['https://res.glassesshop.com/products/202111/617fad01dd332.jpg?im=Resize,width=1000,height=500', 'https://res.glassesshop.com/products/202111/617fad01dd332.jpg?im=Resize,width=1000,height=500', 'https://res.glassesshop.com/products/202111/617fad0352d3d.jpg?im=Resize,width=1000,height=500', 'https://res.glassesshop.com/products/202111/617fad04a2c47.jpg?im=Resize,width=1000,height=500', 'https://res.glassesshop.com/products/202111/617fad061b56d.jpg?im=Resize,width=1000,height=500']"
Isaac,$29.95,https://www.glassesshop.com/eyeglasses/ft0680,"['https://res.glassesshop.com/products/202307/64a7c68db758a.jpg?im=Resize,width=1000,height=500', 'https://res.glassesshop.com/products/202307/64a7c68db758a.jpg?im=Resize,width=1000,height=500', 'https://res.glassesshop.com/products/202307/64a7c68e8b4ac.jpg?im=Resize,width=1000,height=500', 'https://res.glassesshop.com/products/202307/64a7c68f5187b.jpg?im=Resize,width=1000,height=500', 'https://res.glassesshop.com/products/202307/64a7c690051d0.jpg?im=Resize,width=1000,height=500']"
Katherine,$26.95,https://www.glassesshop.com/eyeglasses/fp2607,"['https://res.glassesshop.com/products/202207/62cbdc04eb9b3.jpg?im=Resize,width=1000,height=500', 'https://res.glassesshop.com/products/202207/62cbdc04eb9b3.jpg?im=Resize,width=1000,height=500', 'https://res.glassesshop.com/products/202207/62cbdc06641b1.jpg?im=Resize,width=1000,height=500', 'https://res.glassesshop.com/products/202207/62cbdc07e49b5.jpg?im=Resize,width=1000,height=500', 'https://res.glassesshop.com/products/202207/62cbdc0943d23.jpg?im=Resize,width=1000,height=500']"
Altus,$26.95,https://www.glassesshop.com/eyeglasses/fp2643,"['https://res.glassesshop.com/products/202209/63291f30265b7.jpg?im=Resize,width=1000,height=500', 'https://res.glassesshop.com/products/202209/63291f30265b7.jpg?im=Resize,width=1000,height=500', 'https://res.glassesshop.com/products/202209/63291f31c1051.jpg?im=Resize,width=1000,height=500', 'https://res.glassesshop.com/products/202209/63291f334e2d0.jpg?im=Resize,width=1000,height=500', 'https://res.glassesshop.com/products/202209/63291f349c701.jpg?im=Resize,width=1000,height=500']"
Taurus,$26.95,https://www.glassesshop.com/eyeglasses/fp2071,"['https://res.glassesshop.com/products/202107/60f4cf20d328f.jpg?im=Resize,width=1000,height=500', 'https://d22qih3asjv3x0.cloudfront.net/products/media/fp2071/fp2071-cover.jpg', 'https://res.glassesshop.com/products/202107/60f4cf20d328f.jpg?im=Resize,width=1000,height=500', 'https://res.glassesshop.com/products/202107/60f4cf222f097.jpg?im=Resize,width=1000,height=500', 'https://res.glassesshop.com/products/202107/60f4cf239f1ce.jpg?im=Resize,width=1000,height=500', 'https://res.glassesshop.com/products/202107/60f4cf24c3d0c.jpg?im=Resize,width=1000,height=500', 'https://d22qih3asjv3x0.cloudfront.net/products/media/fp2071/fp2071-cover.jpg']"
Oberlin,$19.95,https://www.glassesshop.com/eyeglasses/fp2035,"['https://res.glassesshop.com/products/201911/5dbfed02cae13.jpg?im=Resize,width=1000,height=500', 'https://res.glassesshop.com/products/201911/5dbfed02cae13.jpg?im=Resize,width=1000,height=500', 'https://res.glassesshop.com/products/201911/5dbfed0443ba6.jpg?im=Resize,width=1000,height=500', 'https://res.glassesshop.com/products/201911/5dbfed059ce22.jpg?im=Resize,width=1000,height=500', 'https://res.glassesshop.com/products/201911/5dbfed06dd37b.jpg?im=Resize,width=1000,height=500']"
Elizabeth,$7.99,https://www.glassesshop.com/eyeglasses/grm0004,"['https://res.glassesshop.com/products/202305/645331d01f1ff.jpg?im=Resize,width=1000,height=500', 'https://res.glassesshop.com/products/202305/645331d01f1ff.jpg?im=Resize,width=1000,height=500', 'https://res.glassesshop.com/products/202305/645331d0dc992.jpg?im=Resize,width=1000,height=500', 'https://res.glassesshop.com/products/202305/645331d1a1a85.jpg?im=Resize,width=1000,height=500', 'https://res.glassesshop.com/products/202305/645331d26af1c.jpg?im=Resize,width=1000,height=500']"
Daniel,$44.95,https://www.glassesshop.com/eyeglasses/ft0658,"['https://res.glassesshop.com/products/202304/6434c04406075.jpg?im=Resize,width=1000,height=500', 'https://res.glassesshop.com/products/202304/6434c04406075.jpg?im=Resize,width=1000,height=500', 'https://res.glassesshop.com/products/202304/6434c044b136f.jpg?im=Resize,width=1000,height=500', 'https://res.glassesshop.com/products/202304/6434c04573c3b.jpg?im=Resize,width=1000,height=500', 'https://res.glassesshop.com/products/202304/6434c046214d8.jpg?im=Resize,width=1000,height=500']"
Haywood,$29.95,https://www.glassesshop.com/eyeglasses/fm1354,"['https://res.glassesshop.com/products/201812/5c2436744ec7f.jpg?im=Resize,width=1000,height=500', 'https://res.glassesshop.com/products/201812/5c2436744ec7f.jpg?im=Resize,width=1000,height=500', 'https://res.glassesshop.com/products/201812/5c2436744d755.jpg?im=Resize,width=1000,height=500', 'https://res.glassesshop.com/products/201812/5c2436744def3.jpg?im=Resize,width=1000,height=500', 'https://res.glassesshop.com/products/201812/5c2436744e560.jpg?im=Resize,width=1000,height=500']"
Pisces,$19.95,https://www.glassesshop.com/eyeglasses/fp2611,"['https://res.glassesshop.com/products/202208/62f9e3e5aa137.jpg?im=Resize,width=1000,height=500', 'https://d22qih3asjv3x0.cloudfront.net/products/media/fp2611/fp2611_cover.jpg', 'https://res.glassesshop.com/products/202208/62f9e3e5aa137.jpg?im=Resize,width=1000,height=500', 'https://res.glassesshop.com/products/202208/62f9e3e71c6cf.jpg?im=Resize,width=1000,height=500', 'https://res.glassesshop.com/products/202208/62f9e3e881780.jpg?im=Resize,width=1000,height=500', 'https://res.glassesshop.com/products/202208/62f9e3e9ce397.jpg?im=Resize,width=1000,height=500', 'https://d22qih3asjv3x0.cloudfront.net/products/media/fp2611/fp2611_cover.jpg']"
Jersey,$19.98,https://www.glassesshop.com/eyeglasses/fp2749,"['https://res.glassesshop.com/products/202306/648ff6f01c0bc.jpg?im=Resize,width=1000,height=500', 'https://res.glassesshop.com/products/202306/648ff6f01c0bc.jpg?im=Resize,width=1000,height=500', 'https://res.glassesshop.com/products/202306/648ff6f110316.jpg?im=Resize,width=1000,height=500', 'https://res.glassesshop.com/products/202306/648ff6f1e64c7.jpg?im=Resize,width=1000,height=500', 'https://res.glassesshop.com/products/202306/648ff6f2c2654.jpg?im=Resize,width=1000,height=500', 'https://res.glassesshop.com/products/202306/648ff6f398eff.jpg?im=Resize,width=1000,height=500', 'https://res.glassesshop.com/products/202306/648ff6f4d01d0.jpg?im=Resize,width=1000,height=500', 'https://res.glassesshop.com/products/202306/648ff6f5bb921.jpg?im=Resize,width=1000,height=500']"
DesMoines,$19.95,https://www.glassesshop.com/eyeglasses/fp2683,"['https://res.glassesshop.com/products/202301/63d76dd0365d6.jpg?im=Resize,width=1000,height=500', 'https://res.glassesshop.com/products/202301/63d76dd0365d6.jpg?im=Resize,width=1000,height=500', 'https://res.glassesshop.com/products/202301/63d76dd1041c2.jpg?im=Resize,width=1000,height=500', 'https://res.glassesshop.com/products/202301/63d76dd1b6b3a.jpg?im=Resize,width=1000,height=500', 'https://res.glassesshop.com/products/202301/63d76dd2ac7b4.jpg?im=Resize,width=1000,height=500']"
Endicott,$29.95,https://www.glassesshop.com/eyeglasses/fz1392,"['https://res.glassesshop.com/products/201910/5d9ffa72dbb0e.jpg?im=Resize,width=1000,height=500', 'https://res.glassesshop.com/products/201910/5d9ffa72dbb0e.jpg?im=Resize,width=1000,height=500', 'https://res.glassesshop.com/products/201910/5d9ffa702892a.jpg?im=Resize,width=1000,height=500', 'https://res.glassesshop.com/products/201910/5d9ffa6f0011b.jpg?im=Resize,width=1000,height=500', 'https://res.glassesshop.com/products/201910/5d9ffa717ba32.jpg?im=Resize,width=1000,height=500']"
Yves,$55.95,https://www.glassesshop.com/eyeglasses/st0272,"['https://res.glassesshop.com/products/202205/6278cd27b014a.jpg?im=Resize,width=1000,height=500', 'https://res.glassesshop.com/products/202205/6278cd27b014a.jpg?im=Resize,width=1000,height=500', 'https://res.glassesshop.com/products/202205/6278cd2914f8b.jpg?im=Resize,width=1000,height=500', 'https://res.glassesshop.com/products/202205/6278cd2a7de29.jpg?im=Resize,width=1000,height=500', 'https://res.glassesshop.com/products/202205/6278cd2be6aa3.jpg?im=Resize,width=1000,height=500']"
Riverside,$19.95,https://www.glassesshop.com/eyeglasses/fm1385,"['https://res.glassesshop.com/products/201906/5d031896295ff.jpg?im=Resize,width=1000,height=500', 'https://res.glassesshop.com/products/201906/5d031896295ff.jpg?im=Resize,width=1000,height=500', 'https://res.glassesshop.com/products/201906/5d0318962738c.jpg?im=Resize,width=1000,height=500', 'https://res.glassesshop.com/products/201906/5d03189628552.jpg?im=Resize,width=1000,height=500', 'https://res.glassesshop.com/products/201906/5d03189628df1.jpg?im=Resize,width=1000,height=500']"
Cleveland,$26.95,https://www.glassesshop.com/eyeglasses/fp2700,"['https://res.glassesshop.com/products/202301/63d76c6a57687.jpg?im=Resize,width=1000,height=500', 'https://res.glassesshop.com/products/202301/63d76c6a57687.jpg?im=Resize,width=1000,height=500', 'https://res.glassesshop.com/products/202301/63d76c6b2d169.jpg?im=Resize,width=1000,height=500', 'https://res.glassesshop.com/products/202301/63d76c6c03038.jpg?im=Resize,width=1000,height=500', 'https://res.glassesshop.com/products/202301/63d76c6ccf9ce.jpg?im=Resize,width=1000,height=500']"
Vivian,$29.95,https://www.glassesshop.com/eyeglasses/fz1250,"['https://res.glassesshop.com/products/201810/5bbc4f0f37405.jpg?im=Resize,width=1000,height=500', 'https://res.glassesshop.com/products/201810/5bbc4f0f37405.jpg?im=Resize,width=1000,height=500', 'https://res.glassesshop.com/products/201810/5bbc4f0f35fba.jpg?im=Resize,width=1000,height=500', 'https://res.glassesshop.com/products/201810/5bbc4f0f36706.jpg?im=Resize,width=1000,height=500', 'https://res.glassesshop.com/products/201810/5bbc4f0f36d63.jpg?im=Resize,width=1000,height=500']"
Dove,$34.95,https://www.glassesshop.com/eyeglasses/fp1727,"['https://res.glassesshop.com/products/201807/5b3dcff30c19c.jpg?im=Resize,width=1000,height=500', 'https://res.glassesshop.com/products/201807/5b3dcff30c19c.jpg?im=Resize,width=1000,height=500', 'https://res.glassesshop.com/products/201807/5b3dcfef82991.jpg?im=Resize,width=1000,height=500', 'https://res.glassesshop.com/products/201807/5b3dcff150a01.jpg?im=Resize,width=1000,height=500', 'https://res.glassesshop.com/products/201807/5b3dcff4eeee0.jpg?im=Resize,width=1000,height=500']"
Kent,$34.95,https://www.glassesshop.com/eyeglasses/fz2101,"['https://res.glassesshop.com/products/202307/64a29373a3bc4.jpg?im=Resize,width=1000,height=500', 'https://res.glassesshop.com/products/202307/64a29373a3bc4.jpg?im=Resize,width=1000,height=500', 'https://res.glassesshop.com/products/202307/64a293747e885.jpg?im=Resize,width=1000,height=500', 'https://res.glassesshop.com/products/202307/64a293754d551.jpg?im=Resize,width=1000,height=500', 'https://res.glassesshop.com/products/202307/64a293761283a.jpg?im=Resize,width=1000,height=500']"
Dinah,$26.95,https://www.glassesshop.com/eyeglasses/fp2445,"['https://res.glassesshop.com/products/202109/614a9ce1a161e.jpg?im=Resize,width=1000,height=500', 'https://res.glassesshop.com/products/202109/614a9ce1a161e.jpg?im=Resize,width=1000,height=500', 'https://res.glassesshop.com/products/202109/614a9ce3070b7.jpg?im=Resize,width=1000,height=500', 'https://res.glassesshop.com/products/202109/614a9ce472b4b.jpg?im=Resize,width=1000,height=500', 'https://res.glassesshop.com/products/202109/614a9ce5ae2ab.jpg?im=Resize,width=1000,height=500']"
Milne,$29.95,https://www.glassesshop.com/eyeglasses/fz1358,"['https://res.glassesshop.com/products/201907/5d1dad7e8b665.jpg?im=Resize,width=1000,height=500', 'https://res.glassesshop.com/products/201907/5d1dad7e8b665.jpg?im=Resize,width=1000,height=500', 'https://res.glassesshop.com/products/201907/5d1dad7e89f35.jpg?im=Resize,width=1000,height=500', 'https://res.glassesshop.com/products/201907/5d1dad7e8a7a1.jpg?im=Resize,width=1000,height=500', 'https://res.glassesshop.com/products/201907/5d1dad7e8af03.jpg?im=Resize,width=1000,height=500']"
Prince,$19.95,https://www.glassesshop.com/eyeglasses/fp1438,"['https://res.glassesshop.com/products/202005/5eb91ab52f793.jpg?im=Resize,width=1000,height=500', 'https://res.glassesshop.com/products/202005/5eb91ab52f793.jpg?im=Resize,width=1000,height=500', 'https://res.glassesshop.com/products/202005/5eb91ab6877b6.jpg?im=Resize,width=1000,height=500', 'https://res.glassesshop.com/products/202005/5eb91ab954dfb.jpg?im=Resize,width=1000,height=500', 'https://res.glassesshop.com/products/202005/5eb91ab7eb996.jpg?im=Resize,width=1000,height=500']"
Butler,$19.95,https://www.glassesshop.com/eyeglasses/fp1841,"['https://res.glassesshop.com/products/201904/5cb69b512d7b0.jpg?im=Resize,width=1000,height=500', 'https://res.glassesshop.com/products/201904/5cb69b512d7b0.jpg?im=Resize,width=1000,height=500', 'https://res.glassesshop.com/products/201904/5cb69b512ac04.jpg?im=Resize,width=1000,height=500', 'https://res.glassesshop.com/products/201904/5cb69b512b6bb.jpg?im=Resize,width=1000,height=500', 'https://res.glassesshop.com/products/201904/5cb69b512c7ce.jpg?im=Resize,width=1000,height=500']"
Joplin,$26.95,https://www.glassesshop.com/eyeglasses/fz1491,"['https://res.glassesshop.com/products/202008/5f30c11add35e.jpg?im=Resize,width=1000,height=500', 'https://res.glassesshop.com/products/202008/5f30c11add35e.jpg?im=Resize,width=1000,height=500', 'https://res.glassesshop.com/products/202008/5f30c11c43504.jpg?im=Resize,width=1000,height=500', 'https://res.glassesshop.com/products/202008/5f30c11d9edd8.jpg?im=Resize,width=1000,height=500', 'https://res.glassesshop.com/products/202008/5f30c11f10ae7.jpg?im=Resize,width=1000,height=500']"
Asheville,$12.95,https://www.glassesshop.com/eyeglasses/fp1991,"['https://res.glassesshop.com/products/202106/60bdd7c30d594.jpg?im=Resize,width=1000,height=500', 'https://res.glassesshop.com/products/202106/60bdd7c30d594.jpg?im=Resize,width=1000,height=500', 'https://res.glassesshop.com/products/202106/60bdd7c92d722.jpg?im=Resize,width=1000,height=500', 'https://res.glassesshop.com/products/202106/60bdd7caa0125.jpg?im=Resize,width=1000,height=500', 'https://res.glassesshop.com/products/202106/60bdd7cc15f2b.jpg?im=Resize,width=1000,height=500']"
Celia,$19.95,https://www.glassesshop.com/eyeglasses/fm1387,"['https://res.glassesshop.com/products/201906/5d031896311f6.jpg?im=Resize,width=1000,height=500', 'https://res.glassesshop.com/products/201906/5d031896311f6.jpg?im=Resize,width=1000,height=500', 'https://res.glassesshop.com/products/201906/5d0318962f30e.jpg?im=Resize,width=1000,height=500', 'https://res.glassesshop.com/products/201906/5d03189630134.jpg?im=Resize,width=1000,height=500', 'https://res.glassesshop.com/products/201906/5d03189630913.jpg?im=Resize,width=1000,height=500']"
Hannah,$26.95,https://www.glassesshop.com/eyeglasses/fp2514,"['https://res.glassesshop.com/products/202112/61adbf7e62f41.jpg?im=Resize,width=1000,height=500', 'https://d22qih3asjv3x0.cloudfront.net/products/media/fp2514/fp2514-cover.jpg', 'https://res.glassesshop.com/products/202112/61adbf7e62f41.jpg?im=Resize,width=1000,height=500', 'https://res.glassesshop.com/products/202112/61adbf7fcb914.jpg?im=Resize,width=1000,height=500', 'https://res.glassesshop.com/products/202112/61adbf8108a96.jpg?im=Resize,width=1000,height=500', 'https://res.glassesshop.com/products/202112/61adbf823c2c2.jpg?im=Resize,width=1000,height=500', 'https://d22qih3asjv3x0.cloudfront.net/products/media/fp2514/fp2514-cover.jpg']"
Burke,$26.95,https://www.glassesshop.com/eyeglasses/fm1243,"['https://res.glassesshop.com/products/202109/61554e6c465a3.jpg?im=Resize,width=1000,height=500', 'https://res.glassesshop.com/products/202109/61554e6c465a3.jpg?im=Resize,width=1000,height=500', 'https://res.glassesshop.com/products/202109/61554e6d92bd8.jpg?im=Resize,width=1000,height=500', 'https://res.glassesshop.com/products/202109/61554e6ebbc80.jpg?im=Resize,width=1000,height=500', 'https://res.glassesshop.com/products/202109/61554e700f6d1.jpg?im=Resize,width=1000,height=500']"
Bruno,$19.95,https://www.glassesshop.com/eyeglasses/fp1506,"['https://res.glassesshop.com/products/201811/5bff5bf26798e.jpg?im=Resize,width=1000,height=500', 'https://res.glassesshop.com/products/201811/5bff5bf26798e.jpg?im=Resize,width=1000,height=500', 'https://res.glassesshop.com/products/201811/5bff5bf2665ef.jpg?im=Resize,width=1000,height=500', 'https://res.glassesshop.com/products/201811/5bff5bf266c65.jpg?im=Resize,width=1000,height=500', 'https://res.glassesshop.com/products/201811/5bff5bf26731f.jpg?im=Resize,width=1000,height=500']"
Flushing,$12.95,https://www.glassesshop.com/eyeglasses/fp1972,"['https://res.glassesshop.com/products/202106/60bdd9c8ae6b0.jpg?im=Resize,width=1000,height=500', 'https://res.glassesshop.com/products/202106/60bdd9c8ae6b0.jpg?im=Resize,width=1000,height=500', 'https://res.glassesshop.com/products/202106/60bdd9ca0224f.jpg?im=Resize,width=1000,height=500', 'https://res.glassesshop.com/products/202106/60bdd9cc274bc.jpg?im=Resize,width=1000,height=500', 'https://res.glassesshop.com/products/202106/60bdd9cd8d128.jpg?im=Resize,width=1000,height=500']"
Bronx,$12.95,https://www.glassesshop.com/eyeglasses/fp1979,"['https://res.glassesshop.com/products/201910/5d9ff9961f92a.jpg?im=Resize,width=1000,height=500', 'https://res.glassesshop.com/products/201910/5d9ff9961f92a.jpg?im=Resize,width=1000,height=500', 'https://res.glassesshop.com/products/201910/5d9ff99262ec8.jpg?im=Resize,width=1000,height=500', 'https://res.glassesshop.com/products/201910/5d9ff994de32f.jpg?im=Resize,width=1000,height=500', 'https://res.glassesshop.com/products/201910/5d9ff9939ef10.jpg?im=Resize,width=1000,height=500']"
Memphis,$29.95,https://www.glassesshop.com/eyeglasses/fz1740,"['https://res.glassesshop.com/products/202108/6107bdcd1997d.jpg?im=Resize,width=1000,height=500', 'https://res.glassesshop.com/products/202108/6107bdcd1997d.jpg?im=Resize,width=1000,height=500', 'https://res.glassesshop.com/products/202108/6107bdce69f61.jpg?im=Resize,width=1000,height=500', 'https://res.glassesshop.com/products/202108/6107bdcfbaa6d.jpg?im=Resize,width=1000,height=500', 'https://res.glassesshop.com/products/202108/6107bdd122025.jpg?im=Resize,width=1000,height=500']"
Whittier,$29.95,https://www.glassesshop.com/eyeglasses/fz1313,"['https://res.glassesshop.com/products/201906/5cf8ca4e9765e.jpg?im=Resize,width=1000,height=500', 'https://res.glassesshop.com/products/201906/5cf8ca4e9765e.jpg?im=Resize,width=1000,height=500', 'https://res.glassesshop.com/products/201906/5cf8ca4e950be.jpg?im=Resize,width=1000,height=500', 'https://res.glassesshop.com/products/201906/5cf8ca4e95bd2.jpg?im=Resize,width=1000,height=500', 'https://res.glassesshop.com/products/201906/5cf8ca4e96993.jpg?im=Resize,width=1000,height=500']"
Cooksville,$12.95,https://www.glassesshop.com/eyeglasses/fp2010,"['https://res.glassesshop.com/products/202107/60f4cf1859345.jpg?im=Resize,width=1000,height=500', 'https://res.glassesshop.com/products/202107/60f4cf1859345.jpg?im=Resize,width=1000,height=500', 'https://res.glassesshop.com/products/202107/60f4cf19d5cdb.jpg?im=Resize,width=1000,height=500', 'https://res.glassesshop.com/products/202107/60f4cf1b33652.jpg?im=Resize,width=1000,height=500', 'https://res.glassesshop.com/products/202107/60f4cf1c70fff.jpg?im=Resize,width=1000,height=500']"
Althea,$19.95,https://www.glassesshop.com/eyeglasses/fp2111,"['https://res.glassesshop.com/products/202007/5f0d02e66cf0b.jpg?im=Resize,width=1000,height=500', 'https://res.glassesshop.com/products/202007/5f0d02e66cf0b.jpg?im=Resize,width=1000,height=500', 'https://res.glassesshop.com/products/202007/5f0d02e7b4c6a.jpg?im=Resize,width=1000,height=500', 'https://res.glassesshop.com/products/202007/5f0d02e8e105e.jpg?im=Resize,width=1000,height=500', 'https://res.glassesshop.com/products/202007/5f0d02ea2d5ea.jpg?im=Resize,width=1000,height=500']"
Bainbridge,$19.95,https://www.glassesshop.com/eyeglasses/fp2186,"['https://res.glassesshop.com/products/202011/5fc45756d219c.jpg?im=Resize,width=1000,height=500', 'https://res.glassesshop.com/products/202011/5fc45756d219c.jpg?im=Resize,width=1000,height=500', 'https://res.glassesshop.com/products/202011/5fc4575812c52.jpg?im=Resize,width=1000,height=500', 'https://res.glassesshop.com/products/202011/5fc457596c705.jpg?im=Resize,width=1000,height=500', 'https://res.glassesshop.com/products/202011/5fc4575a9ee70.jpg?im=Resize,width=1000,height=500']"
Gulfport,$19.95,https://www.glassesshop.com/eyeglasses/fp2107,"['https://res.glassesshop.com/products/202006/5ef06e410e21c.jpg?im=Resize,width=1000,height=500', 'https://res.glassesshop.com/products/202006/5ef06e410e21c.jpg?im=Resize,width=1000,height=500', 'https://res.glassesshop.com/products/202006/5ef06e42730a6.jpg?im=Resize,width=1000,height=500', 'https://res.glassesshop.com/products/202006/5ef06e43da0a2.jpg?im=Resize,width=1000,height=500', 'https://res.glassesshop.com/products/202006/5ef06e450863c.jpg?im=Resize,width=1000,height=500']"
Libra,$26.95,https://www.glassesshop.com/eyeglasses/fp2046,"['https://res.glassesshop.com/products/202002/5e43691fca28d.jpg?im=Resize,width=1000,height=500', 'https://res.glassesshop.com/products/202002/5e43691fca28d.jpg?im=Resize,width=1000,height=500', 'https://res.glassesshop.com/products/202002/5e43692139cde.jpg?im=Resize,width=1000,height=500', 'https://res.glassesshop.com/products/202002/5e43692281b1d.jpg?im=Resize,width=1000,height=500', 'https://res.glassesshop.com/products/202002/5e436923d94ec.jpg?im=Resize,width=1000,height=500']"
Brian,$34.95,https://www.glassesshop.com/eyeglasses/fz2107,"['https://res.glassesshop.com/products/202307/64a2938eca472.jpg?im=Resize,width=1000,height=500', 'https://res.glassesshop.com/products/202307/64a2938eca472.jpg?im=Resize,width=1000,height=500', 'https://res.glassesshop.com/products/202307/64a2938f9c978.jpg?im=Resize,width=1000,height=500', 'https://res.glassesshop.com/products/202307/64a2939039916.jpg?im=Resize,width=1000,height=500', 'https://res.glassesshop.com/products/202307/64a29390dd61a.jpg?im=Resize,width=1000,height=500', 'https://res.glassesshop.com/products/202307/64a293919e18f.jpg?im=Resize,width=1000,height=500']"
Egbert,$54.95,https://www.glassesshop.com/eyeglasses/rm0288,"['https://res.glassesshop.com/products/202009/5f5edd683b77a.jpg?im=Resize,width=1000,height=500', 'https://res.glassesshop.com/products/202009/5f5edd683b77a.jpg?im=Resize,width=1000,height=500', 'https://res.glassesshop.com/products/202009/5f5edd69b1d94.jpg?im=Resize,width=1000,height=500', 'https://res.glassesshop.com/products/202009/5f5edd6ae2797.jpg?im=Resize,width=1000,height=500', 'https://res.glassesshop.com/products/202009/5f5edd6c091bf.jpg?im=Resize,width=1000,height=500']"
Modesto,$26.95,https://www.glassesshop.com/eyeglasses/fm1654,"['https://res.glassesshop.com/products/202111/617fae5de0604.jpg?im=Resize,width=1000,height=500', 'https://res.glassesshop.com/products/202111/617fae5de0604.jpg?im=Resize,width=1000,height=500', 'https://res.glassesshop.com/products/202111/617fae5f39e1e.jpg?im=Resize,width=1000,height=500', 'https://res.glassesshop.com/products/202111/617fae6084862.jpg?im=Resize,width=1000,height=500', 'https://res.glassesshop.com/products/202111/617fae61a400b.jpg?im=Resize,width=1000,height=500']"
Union,$35.95,https://www.glassesshop.com/eyeglasses/fz1750,[]
Aubrey,$26.95,https://www.glassesshop.com/eyeglasses/fm1711,"['https://res.glassesshop.com/products/202202/620a048369ad4.jpg?im=Resize,width=1000,height=500', 'https://res.glassesshop.com/products/202202/620a048369ad4.jpg?im=Resize,width=1000,height=500', 'https://res.glassesshop.com/products/202202/620a0484ba8ed.jpg?im=Resize,width=1000,height=500', 'https://res.glassesshop.com/products/202202/620a0485e3d59.jpg?im=Resize,width=1000,height=500', 'https://res.glassesshop.com/products/202202/620a048717c5a.jpg?im=Resize,width=1000,height=500']"
Kitty,$29.95,https://www.glassesshop.com/eyeglasses/fz1659,"['https://res.glassesshop.com/products/202104/606bbf51de37a.jpg?im=Resize,width=1000,height=500', 'https://res.glassesshop.com/products/202104/606bbf51de37a.jpg?im=Resize,width=1000,height=500', 'https://res.glassesshop.com/products/202104/606bbf5370b71.jpg?im=Resize,width=1000,height=500', 'https://res.glassesshop.com/products/202104/606bbf54c69c3.jpg?im=Resize,width=1000,height=500', 'https://res.glassesshop.com/products/202104/606bbf56138e1.jpg?im=Resize,width=1000,height=500']"
George,$55.95,https://www.glassesshop.com/eyeglasses/rm0309,"['https://res.glassesshop.com/products/202208/62f9e76f9a7e3.jpg?im=Resize,width=1000,height=500', 'https://res.glassesshop.com/products/202208/62f9e76f9a7e3.jpg?im=Resize,width=1000,height=500', 'https://res.glassesshop.com/products/202208/62f9e771062a7.jpg?im=Resize,width=1000,height=500', 'https://res.glassesshop.com/products/202208/62f9e7725df38.jpg?im=Resize,width=1000,height=500', 'https://res.glassesshop.com/products/202208/62f9e773b6e24.jpg?im=Resize,width=1000,height=500']"
Fernando,$19.95,https://www.glassesshop.com/eyeglasses/sm0945,"['https://res.glassesshop.com/products/202208/62f9e78f4dd9d.jpg?im=Resize,width=1000,height=500', 'https://res.glassesshop.com/products/202208/62f9e78f4dd9d.jpg?im=Resize,width=1000,height=500', 'https://res.glassesshop.com/products/202208/62f9e7909222a.jpg?im=Resize,width=1000,height=500', 'https://res.glassesshop.com/products/202208/62f9e791db231.jpg?im=Resize,width=1000,height=500', 'https://res.glassesshop.com/products/202208/62f9e793437d6.jpg?im=Resize,width=1000,height=500']"
Pasadena,$13.48,https://www.glassesshop.com/eyeglasses/fp2520,"['https://res.glassesshop.com/products/202201/61dbe605ac50b.jpg?im=Resize,width=1000,height=500', 'https://res.glassesshop.com/products/202201/61dbe605ac50b.jpg?im=Resize,width=1000,height=500', 'https://res.glassesshop.com/products/202201/61dbe606e925f.jpg?im=Resize,width=1000,height=500', 'https://res.glassesshop.com/products/202201/61dbe6082045e.jpg?im=Resize,width=1000,height=500', 'https://res.glassesshop.com/products/202201/61dbe6096ad68.jpg?im=Resize,width=1000,height=500']"
Fitchburg,$9.95,https://www.glassesshop.com/eyeglasses/fp2390,"['https://res.glassesshop.com/products/202109/614a9a5e84c85.jpg?im=Resize,width=1000,height=500', 'https://res.glassesshop.com/products/202109/614a9a5e84c85.jpg?im=Resize,width=1000,height=500', 'https://res.glassesshop.com/products/202109/614a9a5fdf6ec.jpg?im=Resize,width=1000,height=500', 'https://res.glassesshop.com/products/202109/614a9a613a9f3.jpg?im=Resize,width=1000,height=500', 'https://res.glassesshop.com/products/202109/614a9a6276e2e.jpg?im=Resize,width=1000,height=500']"
Smollett,$19.95,https://www.glassesshop.com/eyeglasses/fm1818,"['https://res.glassesshop.com/products/202209/63291e5547b79.jpg?im=Resize,width=1000,height=500', 'https://res.glassesshop.com/products/202209/63291e5547b79.jpg?im=Resize,width=1000,height=500', 'https://res.glassesshop.com/products/202209/63291e5687eec.jpg?im=Resize,width=1000,height=500', 'https://res.glassesshop.com/products/202209/63291e57cbc5f.jpg?im=Resize,width=1000,height=500', 'https://res.glassesshop.com/products/202209/63291e591ab51.jpg?im=Resize,width=1000,height=500']"
Amelia,$34.95,https://www.glassesshop.com/eyeglasses/fm1553,"['https://res.glassesshop.com/products/202102/603c4e48ab639.jpg?im=Resize,width=1000,height=500', 'https://res.glassesshop.com/products/202102/603c4e48ab639.jpg?im=Resize,width=1000,height=500', 'https://res.glassesshop.com/products/202102/603c4e4a0d67e.jpg?im=Resize,width=1000,height=500', 'https://res.glassesshop.com/products/202011/5fb23ea178147.jpg?im=Resize,width=1000,height=500', 'https://res.glassesshop.com/products/202102/603c4e4b4fb6c.jpg?im=Resize,width=1000,height=500']"
Lyndon,$19.95,https://www.glassesshop.com/eyeglasses/fm1286,"['https://res.glassesshop.com/products/201807/5b5fc1d09945c.jpg?im=Resize,width=1000,height=500', 'https://res.glassesshop.com/products/201807/5b5fc1d09945c.jpg?im=Resize,width=1000,height=500', 'https://res.glassesshop.com/products/201807/5b5fc1cbabfd3.jpg?im=Resize,width=1000,height=500', 'https://res.glassesshop.com/products/201807/5b5fc1cd51619.jpg?im=Resize,width=1000,height=500', 'https://res.glassesshop.com/products/201807/5b5fc1cf0a9f3.jpg?im=Resize,width=1000,height=500']"
Alberta,$9.95,https://www.glassesshop.com/eyeglasses/fp2317,"['https://res.glassesshop.com/products/202109/614a996ec215d.jpg?im=Resize,width=1000,height=500', 'https://res.glassesshop.com/products/202109/614a996ec215d.jpg?im=Resize,width=1000,height=500', 'https://res.glassesshop.com/products/202109/614a99700ff97.jpg?im=Resize,width=1000,height=500', 'https://res.glassesshop.com/products/202109/614a99714b558.jpg?im=Resize,width=1000,height=500', 'https://res.glassesshop.com/products/202109/614a9972b7721.jpg?im=Resize,width=1000,height=500']"
Poppy,$29.95,https://www.glassesshop.com/eyeglasses/fz1032,"['https://res.glassesshop.com/products/202010/5f990771305f0.jpg?im=Resize,width=1000,height=500', 'https://res.glassesshop.com/products/202010/5f990771305f0.jpg?im=Resize,width=1000,height=500', 'https://res.glassesshop.com/products/202010/5f990772924fa.jpg?im=Resize,width=1000,height=500', 'https://res.glassesshop.com/products/202010/5f9907740384c.jpg?im=Resize,width=1000,height=500', 'https://res.glassesshop.com/products/202010/5f990775688c8.jpg?im=Resize,width=1000,height=500']"
FortMyers,$29.95,https://www.glassesshop.com/eyeglasses/fp2585,"['https://res.glassesshop.com/products/202205/6278d38fda965.jpg?im=Resize,width=1000,height=500', 'https://res.glassesshop.com/products/202205/6278d38fda965.jpg?im=Resize,width=1000,height=500', 'https://res.glassesshop.com/products/202205/6278d3913a2e0.jpg?im=Resize,width=1000,height=500', 'https://res.glassesshop.com/products/202205/6278d392948c5.jpg?im=Resize,width=1000,height=500', 'https://res.glassesshop.com/products/202205/6278d393f18ce.jpg?im=Resize,width=1000,height=500']"
Roderick,$12.95,https://www.glassesshop.com/eyeglasses/fp2580,"['https://res.glassesshop.com/products/202209/63291eab4c658.jpg?im=Resize,width=1000,height=500', 'https://d22qih3asjv3x0.cloudfront.net/products/media/fp2580/fp2580-cover.jpg', 'https://res.glassesshop.com/products/202209/63291eab4c658.jpg?im=Resize,width=1000,height=500', 'https://res.glassesshop.com/products/202209/63291eacc4e24.jpg?im=Resize,width=1000,height=500', 'https://res.glassesshop.com/products/202209/63291eae40381.jpg?im=Resize,width=1000,height=500', 'https://res.glassesshop.com/products/202209/63291eaf93293.jpg?im=Resize,width=1000,height=500', 'https://d22qih3asjv3x0.cloudfront.net/products/media/fp2580/fp2580-cover.jpg']"
Traverse,$19.95,https://www.glassesshop.com/eyeglasses/fm1814,"['https://res.glassesshop.com/products/202209/63291e344beb6.jpg?im=Resize,width=1000,height=500', 'https://d22qih3asjv3x0.cloudfront.net/products/media/fm1814/fm1814-cover.jpg', 'https://res.glassesshop.com/products/202209/63291e344beb6.jpg?im=Resize,width=1000,height=500', 'https://res.glassesshop.com/products/202209/63291e35b69bc.jpg?im=Resize,width=1000,height=500', 'https://res.glassesshop.com/products/202209/63291e371e347.jpg?im=Resize,width=1000,height=500', 'https://res.glassesshop.com/products/202209/63291e3894909.jpg?im=Resize,width=1000,height=500', 'https://d22qih3asjv3x0.cloudfront.net/products/media/fm1814/fm1814-cover.jpg']"
Aries,$29.95,https://www.glassesshop.com/eyeglasses/fz2057,"['https://res.glassesshop.com/products/202307/64a7c7026c052.jpg?im=Resize,width=1000,height=500', 'https://res.glassesshop.com/products/202307/64a7c7026c052.jpg?im=Resize,width=1000,height=500', 'https://res.glassesshop.com/products/202307/64a7c7035aaac.jpg?im=Resize,width=1000,height=500', 'https://res.glassesshop.com/products/202307/64a7c70453b8c.jpg?im=Resize,width=1000,height=500', 'https://res.glassesshop.com/products/202307/64a7c70532cd2.jpg?im=Resize,width=1000,height=500']"
Palm,$34.95,https://www.glassesshop.com/eyeglasses/fz2104,"['https://res.glassesshop.com/products/202307/64a2938129b3e.jpg?im=Resize,width=1000,height=500', 'https://res.glassesshop.com/products/202307/64a2938129b3e.jpg?im=Resize,width=1000,height=500', 'https://res.glassesshop.com/products/202307/64a293820413c.jpg?im=Resize,width=1000,height=500', 'https://res.glassesshop.com/products/202307/64a29382bd418.jpg?im=Resize,width=1000,height=500', 'https://res.glassesshop.com/products/202307/64a29383909b8.jpg?im=Resize,width=1000,height=500']"
Lydia,$19.95,https://www.glassesshop.com/eyeglasses/fp2434,"['https://res.glassesshop.com/products/202109/614a9c84c9ab0.jpg?im=Resize,width=1000,height=500', 'https://res.glassesshop.com/products/202109/614a9c84c9ab0.jpg?im=Resize,width=1000,height=500', 'https://res.glassesshop.com/products/202109/614a9c861c33b.jpg?im=Resize,width=1000,height=500', 'https://res.glassesshop.com/products/202109/614a9c87b2f0b.jpg?im=Resize,width=1000,height=500', 'https://res.glassesshop.com/products/202109/614a9c890ff00.jpg?im=Resize,width=1000,height=500']"
Hodgson,$35.95,https://www.glassesshop.com/eyeglasses/fp2625,"['https://res.glassesshop.com/products/202208/62f1d7412306d.jpg?im=Resize,width=1000,height=500', 'https://d22qih3asjv3x0.cloudfront.net/products/media/fp2625/fp2625-cover.jpg', 'https://res.glassesshop.com/products/202208/62f1d7412306d.jpg?im=Resize,width=1000,height=500', 'https://res.glassesshop.com/products/202208/62f1d74276e4d.jpg?im=Resize,width=1000,height=500', 'https://res.glassesshop.com/products/202208/62f1d743e72e1.jpg?im=Resize,width=1000,height=500', 'https://res.glassesshop.com/products/202208/62f1d7454e475.jpg?im=Resize,width=1000,height=500', 'https://res.glassesshop.com/products/202208/62f1d7469adac.jpg?im=Resize,width=1000,height=500', 'https://res.glassesshop.com/products/202208/62f1d7494efa2.jpg?im=Resize,width=1000,height=500', 'https://d22qih3asjv3x0.cloudfront.net/products/media/fp2625/fp2625-cover.jpg']"
